trials,current_accuracy,best_accuracy
0,0.05771555510937082,0.05771555510937082
1,0.7404214820132152,0.7404214820132152
2,0.03904059079917074,0.7404214820132152
3,0.07606316484369335,0.7404214820132152
4,0.7196322246656829,0.7404214820132152
5,0.7470429972711644,0.7470429972711644
6,0.7455654135880949,0.7470429972711644
7,0.1404208745356486,0.7470429972711644
8,0.10200868668343438,0.7470429972711644
9,0.7515353146696695,0.7515353146696695
