trials,current_accuracy,best_accuracy
0,0.22409700544171718,0.22409700544171718
1,0.7505867747468375,0.7505867747468375
2,0.012789403725506984,0.7505867747468375
