trials,current_accuracy,best_accuracy
0,0.7505669581668205,0.7505669581668205
1,0.6435737482733713,0.7505669581668205
2,0.7466364174788347,0.7505669581668205
3,0.7528733847245651,0.7528733847245651
4,0.745274266188961,0.7528733847245651
5,0.748243727879856,0.7528733847245651
6,0.7464150330473208,0.7528733847245651
7,0.7517747121653642,0.7528733847245651
8,0.7003071024320775,0.7528733847245651
9,0.7534374848582329,0.7534374848582329
